tuile_lidar,anne,lien_URL,
293-5050,2015,http://depot.ville.montreal.qc.ca/geomatique/lidar_aerien/2015/293-5050_2015_2-5-6.laz
302-5035,2015,http://depot.ville.montreal.qc.ca/geomatique/lidar_aerien/2015/302-5035_2015_2-5-6.laz
302-5036,2015,http://depot.ville.montreal.qc.ca/geomatique/lidar_aerien/2015/302-5036_2015_2-5-6.laz
302-5037,2015,http://depot.ville.montreal.qc.ca/geomatique/lidar_aerien/2015/302-5037_2015_2-5-6.laz
267-5030,2015,http://depot.ville.montreal.qc.ca/geomatique/lidar_aerien/2015/267-5030_2015_2-5-6.laz
299-5056,2015,http://depot.ville.montreal.qc.ca/geomatique/lidar_aerien/2015/299-5056_2015_2-5-6.laz
267-5032,2015,http://depot.ville.montreal.qc.ca/geomatique/lidar_aerien/2015/267-5032_2015_2-5-6.laz
269-5034,2015,http://depot.ville.montreal.qc.ca/geomatique/lidar_aerien/2015/269-5034_2015_2-5-6.laz
269-5035,2015,http://depot.ville.montreal.qc.ca/geomatique/lidar_aerien/2015/269-5035_2015_2-5-6.laz
271-5037,2015,http://depot.ville.montreal.qc.ca/geomatique/lidar_aerien/2015/271-5037_2015_2-5-6.laz
269-5036,2015,http://depot.ville.montreal.qc.ca/geomatique/lidar_aerien/2015/269-5036_2015_2-5-6.laz
269-5039,2015,http://depot.ville.montreal.qc.ca/geomatique/lidar_aerien/2015/269-5039_2015_2-5-6.laz
292-5034,2015,http://depot.ville.montreal.qc.ca/geomatique/lidar_aerien/2015/292-5034_2015_2-5-6.laz
292-5039,2015,http://depot.ville.montreal.qc.ca/geomatique/lidar_aerien/2015/292-5039_2015_2-5-6.laz
268-5032,2015,http://depot.ville.montreal.qc.ca/geomatique/lidar_aerien/2015/268-5032_2015_2-5-6.laz
292-5036,2015,http://depot.ville.montreal.qc.ca/geomatique/lidar_aerien/2015/292-5036_2015_2-5-6.laz
268-5031,2015,http://depot.ville.montreal.qc.ca/geomatique/lidar_aerien/2015/268-5031_2015_2-5-6.laz
269-5032,2015,http://depot.ville.montreal.qc.ca/geomatique/lidar_aerien/2015/269-5032_2015_2-5-6.laz
291-5048,2015,http://depot.ville.montreal.qc.ca/geomatique/lidar_aerien/2015/291-5048_2015_2-5-6.laz
287-5044,2015,http://depot.ville.montreal.qc.ca/geomatique/lidar_aerien/2015/287-5044_2015_2-5-6.laz
286-5044,2015,http://depot.ville.montreal.qc.ca/geomatique/lidar_aerien/2015/286-5044_2015_2-5-6.laz
269-5031,2015,http://depot.ville.montreal.qc.ca/geomatique/lidar_aerien/2015/269-5031_2015_2-5-6.laz
285-5034,2015,http://depot.ville.montreal.qc.ca/geomatique/lidar_aerien/2015/285-5034_2015_2-5-6.laz
289-5044,2015,http://depot.ville.montreal.qc.ca/geomatique/lidar_aerien/2015/289-5044_2015_2-5-6.laz
288-5044,2015,http://depot.ville.montreal.qc.ca/geomatique/lidar_aerien/2015/288-5044_2015_2-5-6.laz
292-5043,2015,http://depot.ville.montreal.qc.ca/geomatique/lidar_aerien/2015/292-5043_2015_2-5-6.laz
292-5041,2015,http://depot.ville.montreal.qc.ca/geomatique/lidar_aerien/2015/292-5041_2015_2-5-6.laz
292-5040,2015,http://depot.ville.montreal.qc.ca/geomatique/lidar_aerien/2015/292-5040_2015_2-5-6.laz
292-5042,2015,http://depot.ville.montreal.qc.ca/geomatique/lidar_aerien/2015/292-5042_2015_2-5-6.laz
292-5031,2015,http://depot.ville.montreal.qc.ca/geomatique/lidar_aerien/2015/292-5031_2015_2-5-6.laz
290-5038,2015,http://depot.ville.montreal.qc.ca/geomatique/lidar_aerien/2015/290-5038_2015_2-5-6.laz
292-5044,2015,http://depot.ville.montreal.qc.ca/geomatique/lidar_aerien/2015/292-5044_2015_2-5-6.laz
295-5044,2015,http://depot.ville.montreal.qc.ca/geomatique/lidar_aerien/2015/295-5044_2015_2-5-6.laz
293-5044,2015,http://depot.ville.montreal.qc.ca/geomatique/lidar_aerien/2015/293-5044_2015_2-5-6.laz
295-5031,2015,http://depot.ville.montreal.qc.ca/geomatique/lidar_aerien/2015/295-5031_2015_2-5-6.laz
300-5044,2015,http://depot.ville.montreal.qc.ca/geomatique/lidar_aerien/2015/300-5044_2015_2-5-6.laz
295-5040,2015,http://depot.ville.montreal.qc.ca/geomatique/lidar_aerien/2015/295-5040_2015_2-5-6.laz
298-5040,2015,http://depot.ville.montreal.qc.ca/geomatique/lidar_aerien/2015/298-5040_2015_2-5-6.laz
297-5039,2015,http://depot.ville.montreal.qc.ca/geomatique/lidar_aerien/2015/297-5039_2015_2-5-6.laz
298-5039,2015,http://depot.ville.montreal.qc.ca/geomatique/lidar_aerien/2015/298-5039_2015_2-5-6.laz
298-5037,2015,http://depot.ville.montreal.qc.ca/geomatique/lidar_aerien/2015/298-5037_2015_2-5-6.laz
299-5037,2015,http://depot.ville.montreal.qc.ca/geomatique/lidar_aerien/2015/299-5037_2015_2-5-6.laz
298-5035,2015,http://depot.ville.montreal.qc.ca/geomatique/lidar_aerien/2015/298-5035_2015_2-5-6.laz
298-5036,2015,http://depot.ville.montreal.qc.ca/geomatique/lidar_aerien/2015/298-5036_2015_2-5-6.laz
296-5036,2015,http://depot.ville.montreal.qc.ca/geomatique/lidar_aerien/2015/296-5036_2015_2-5-6.laz
297-5036,2015,http://depot.ville.montreal.qc.ca/geomatique/lidar_aerien/2015/297-5036_2015_2-5-6.laz
301-5039,2015,http://depot.ville.montreal.qc.ca/geomatique/lidar_aerien/2015/301-5039_2015_2-5-6.laz
300-5039,2015,http://depot.ville.montreal.qc.ca/geomatique/lidar_aerien/2015/300-5039_2015_2-5-6.laz
295-5035,2015,http://depot.ville.montreal.qc.ca/geomatique/lidar_aerien/2015/295-5035_2015_2-5-6.laz
296-5034,2015,http://depot.ville.montreal.qc.ca/geomatique/lidar_aerien/2015/296-5034_2015_2-5-6.laz
299-5031,2015,http://depot.ville.montreal.qc.ca/geomatique/lidar_aerien/2015/299-5031_2015_2-5-6.laz
302-5034,2015,http://depot.ville.montreal.qc.ca/geomatique/lidar_aerien/2015/302-5034_2015_2-5-6.laz
271-5028,2015,http://depot.ville.montreal.qc.ca/geomatique/lidar_aerien/2015/271-5028_2015_2-5-6.laz
272-5028,2015,http://depot.ville.montreal.qc.ca/geomatique/lidar_aerien/2015/272-5028_2015_2-5-6.laz
272-5029,2015,http://depot.ville.montreal.qc.ca/geomatique/lidar_aerien/2015/272-5029_2015_2-5-6.laz
269-5038,2015,http://depot.ville.montreal.qc.ca/geomatique/lidar_aerien/2015/269-5038_2015_2-5-6.laz
271-5040,2015,http://depot.ville.montreal.qc.ca/geomatique/lidar_aerien/2015/271-5040_2015_2-5-6.laz
271-5039,2015,http://depot.ville.montreal.qc.ca/geomatique/lidar_aerien/2015/271-5039_2015_2-5-6.laz
273-5042,2015,http://depot.ville.montreal.qc.ca/geomatique/lidar_aerien/2015/273-5042_2015_2-5-6.laz
274-5042,2015,http://depot.ville.montreal.qc.ca/geomatique/lidar_aerien/2015/274-5042_2015_2-5-6.laz
295-5029,2015,http://depot.ville.montreal.qc.ca/geomatique/lidar_aerien/2015/295-5029_2015_2-5-6.laz
297-5030,2015,http://depot.ville.montreal.qc.ca/geomatique/lidar_aerien/2015/297-5030_2015_2-5-6.laz
294-5030,2015,http://depot.ville.montreal.qc.ca/geomatique/lidar_aerien/2015/294-5030_2015_2-5-6.laz
294-5032,2015,http://depot.ville.montreal.qc.ca/geomatique/lidar_aerien/2015/294-5032_2015_2-5-6.laz
295-5033,2015,http://depot.ville.montreal.qc.ca/geomatique/lidar_aerien/2015/295-5033_2015_2-5-6.laz
297-5034,2015,http://depot.ville.montreal.qc.ca/geomatique/lidar_aerien/2015/297-5034_2015_2-5-6.laz
293-5032,2015,http://depot.ville.montreal.qc.ca/geomatique/lidar_aerien/2015/293-5032_2015_2-5-6.laz
294-5031,2015,http://depot.ville.montreal.qc.ca/geomatique/lidar_aerien/2015/294-5031_2015_2-5-6.laz
295-5032,2015,http://depot.ville.montreal.qc.ca/geomatique/lidar_aerien/2015/295-5032_2015_2-5-6.laz
296-5032,2015,http://depot.ville.montreal.qc.ca/geomatique/lidar_aerien/2015/296-5032_2015_2-5-6.laz
293-5034,2015,http://depot.ville.montreal.qc.ca/geomatique/lidar_aerien/2015/293-5034_2015_2-5-6.laz
294-5033,2015,http://depot.ville.montreal.qc.ca/geomatique/lidar_aerien/2015/294-5033_2015_2-5-6.laz
295-5034,2015,http://depot.ville.montreal.qc.ca/geomatique/lidar_aerien/2015/295-5034_2015_2-5-6.laz
293-5037,2015,http://depot.ville.montreal.qc.ca/geomatique/lidar_aerien/2015/293-5037_2015_2-5-6.laz
293-5035,2015,http://depot.ville.montreal.qc.ca/geomatique/lidar_aerien/2015/293-5035_2015_2-5-6.laz
294-5039,2015,http://depot.ville.montreal.qc.ca/geomatique/lidar_aerien/2015/294-5039_2015_2-5-6.laz
294-5036,2015,http://depot.ville.montreal.qc.ca/geomatique/lidar_aerien/2015/294-5036_2015_2-5-6.laz
295-5037,2015,http://depot.ville.montreal.qc.ca/geomatique/lidar_aerien/2015/295-5037_2015_2-5-6.laz
293-5036,2015,http://depot.ville.montreal.qc.ca/geomatique/lidar_aerien/2015/293-5036_2015_2-5-6.laz
294-5035,2015,http://depot.ville.montreal.qc.ca/geomatique/lidar_aerien/2015/294-5035_2015_2-5-6.laz
295-5036,2015,http://depot.ville.montreal.qc.ca/geomatique/lidar_aerien/2015/295-5036_2015_2-5-6.laz
293-5039,2015,http://depot.ville.montreal.qc.ca/geomatique/lidar_aerien/2015/293-5039_2015_2-5-6.laz
293-5038,2015,http://depot.ville.montreal.qc.ca/geomatique/lidar_aerien/2015/293-5038_2015_2-5-6.laz
294-5038,2015,http://depot.ville.montreal.qc.ca/geomatique/lidar_aerien/2015/294-5038_2015_2-5-6.laz
294-5037,2015,http://depot.ville.montreal.qc.ca/geomatique/lidar_aerien/2015/294-5037_2015_2-5-6.laz
296-5039,2015,http://depot.ville.montreal.qc.ca/geomatique/lidar_aerien/2015/296-5039_2015_2-5-6.laz
297-5043,2015,http://depot.ville.montreal.qc.ca/geomatique/lidar_aerien/2015/297-5043_2015_2-5-6.laz
293-5041,2015,http://depot.ville.montreal.qc.ca/geomatique/lidar_aerien/2015/293-5041_2015_2-5-6.laz
294-5040,2015,http://depot.ville.montreal.qc.ca/geomatique/lidar_aerien/2015/294-5040_2015_2-5-6.laz
295-5041,2015,http://depot.ville.montreal.qc.ca/geomatique/lidar_aerien/2015/295-5041_2015_2-5-6.laz
296-5041,2015,http://depot.ville.montreal.qc.ca/geomatique/lidar_aerien/2015/296-5041_2015_2-5-6.laz
294-5042,2015,http://depot.ville.montreal.qc.ca/geomatique/lidar_aerien/2015/294-5042_2015_2-5-6.laz
295-5043,2015,http://depot.ville.montreal.qc.ca/geomatique/lidar_aerien/2015/295-5043_2015_2-5-6.laz
296-5043,2015,http://depot.ville.montreal.qc.ca/geomatique/lidar_aerien/2015/296-5043_2015_2-5-6.laz
295-5039,2015,http://depot.ville.montreal.qc.ca/geomatique/lidar_aerien/2015/295-5039_2015_2-5-6.laz
295-5038,2015,http://depot.ville.montreal.qc.ca/geomatique/lidar_aerien/2015/295-5038_2015_2-5-6.laz
291-5044,2015,http://depot.ville.montreal.qc.ca/geomatique/lidar_aerien/2015/291-5044_2015_2-5-6.laz
296-5044,2015,http://depot.ville.montreal.qc.ca/geomatique/lidar_aerien/2015/296-5044_2015_2-5-6.laz
290-5044,2015,http://depot.ville.montreal.qc.ca/geomatique/lidar_aerien/2015/290-5044_2015_2-5-6.laz
307-5062,2015,http://depot.ville.montreal.qc.ca/geomatique/lidar_aerien/2015/307-5062_2015_2-5-6.laz
301-5037,2015,http://depot.ville.montreal.qc.ca/geomatique/lidar_aerien/2015/301-5037_2015_2-5-6.laz
297-5031,2015,http://depot.ville.montreal.qc.ca/geomatique/lidar_aerien/2015/297-5031_2015_2-5-6.laz
301-5035,2015,http://depot.ville.montreal.qc.ca/geomatique/lidar_aerien/2015/301-5035_2015_2-5-6.laz
302-5038,2015,http://depot.ville.montreal.qc.ca/geomatique/lidar_aerien/2015/302-5038_2015_2-5-6.laz
303-5038,2015,http://depot.ville.montreal.qc.ca/geomatique/lidar_aerien/2015/303-5038_2015_2-5-6.laz
306-5055,2015,http://depot.ville.montreal.qc.ca/geomatique/lidar_aerien/2015/306-5055_2015_2-5-6.laz
306-5058,2015,http://depot.ville.montreal.qc.ca/geomatique/lidar_aerien/2015/306-5058_2015_2-5-6.laz
306-5056,2015,http://depot.ville.montreal.qc.ca/geomatique/lidar_aerien/2015/306-5056_2015_2-5-6.laz
306-5057,2015,http://depot.ville.montreal.qc.ca/geomatique/lidar_aerien/2015/306-5057_2015_2-5-6.laz
306-5059,2015,http://depot.ville.montreal.qc.ca/geomatique/lidar_aerien/2015/306-5059_2015_2-5-6.laz
306-5060,2015,http://depot.ville.montreal.qc.ca/geomatique/lidar_aerien/2015/306-5060_2015_2-5-6.laz
306-5061,2015,http://depot.ville.montreal.qc.ca/geomatique/lidar_aerien/2015/306-5061_2015_2-5-6.laz
297-5041,2015,http://depot.ville.montreal.qc.ca/geomatique/lidar_aerien/2015/297-5041_2015_2-5-6.laz
298-5042,2015,http://depot.ville.montreal.qc.ca/geomatique/lidar_aerien/2015/298-5042_2015_2-5-6.laz
299-5043,2015,http://depot.ville.montreal.qc.ca/geomatique/lidar_aerien/2015/299-5043_2015_2-5-6.laz
300-5042,2015,http://depot.ville.montreal.qc.ca/geomatique/lidar_aerien/2015/300-5042_2015_2-5-6.laz
301-5043,2015,http://depot.ville.montreal.qc.ca/geomatique/lidar_aerien/2015/301-5043_2015_2-5-6.laz
296-5040,2015,http://depot.ville.montreal.qc.ca/geomatique/lidar_aerien/2015/296-5040_2015_2-5-6.laz
297-5040,2015,http://depot.ville.montreal.qc.ca/geomatique/lidar_aerien/2015/297-5040_2015_2-5-6.laz
296-5042,2015,http://depot.ville.montreal.qc.ca/geomatique/lidar_aerien/2015/296-5042_2015_2-5-6.laz
300-5043,2015,http://depot.ville.montreal.qc.ca/geomatique/lidar_aerien/2015/300-5043_2015_2-5-6.laz
269-5029,2015,http://depot.ville.montreal.qc.ca/geomatique/lidar_aerien/2015/269-5029_2015_2-5-6.laz
293-5030,2015,http://depot.ville.montreal.qc.ca/geomatique/lidar_aerien/2015/293-5030_2015_2-5-6.laz
295-5030,2015,http://depot.ville.montreal.qc.ca/geomatique/lidar_aerien/2015/295-5030_2015_2-5-6.laz
296-5030,2015,http://depot.ville.montreal.qc.ca/geomatique/lidar_aerien/2015/296-5030_2015_2-5-6.laz
294-5029,2015,http://depot.ville.montreal.qc.ca/geomatique/lidar_aerien/2015/294-5029_2015_2-5-6.laz
293-5043,2015,http://depot.ville.montreal.qc.ca/geomatique/lidar_aerien/2015/293-5043_2015_2-5-6.laz
299-5030,2015,http://depot.ville.montreal.qc.ca/geomatique/lidar_aerien/2015/299-5030_2015_2-5-6.laz
300-5031,2015,http://depot.ville.montreal.qc.ca/geomatique/lidar_aerien/2015/300-5031_2015_2-5-6.laz
296-5029,2015,http://depot.ville.montreal.qc.ca/geomatique/lidar_aerien/2015/296-5029_2015_2-5-6.laz
298-5030,2015,http://depot.ville.montreal.qc.ca/geomatique/lidar_aerien/2015/298-5030_2015_2-5-6.laz
296-5051,2015,http://depot.ville.montreal.qc.ca/geomatique/lidar_aerien/2015/296-5051_2015_2-5-6.laz
295-5055,2015,http://depot.ville.montreal.qc.ca/geomatique/lidar_aerien/2015/295-5055_2015_2-5-6.laz
298-5054,2015,http://depot.ville.montreal.qc.ca/geomatique/lidar_aerien/2015/298-5054_2015_2-5-6.laz
298-5056,2015,http://depot.ville.montreal.qc.ca/geomatique/lidar_aerien/2015/298-5056_2015_2-5-6.laz
300-5055,2015,http://depot.ville.montreal.qc.ca/geomatique/lidar_aerien/2015/300-5055_2015_2-5-6.laz
301-5053,2015,http://depot.ville.montreal.qc.ca/geomatique/lidar_aerien/2015/301-5053_2015_2-5-6.laz
303-5054,2015,http://depot.ville.montreal.qc.ca/geomatique/lidar_aerien/2015/303-5054_2015_2-5-6.laz
305-5058,2015,http://depot.ville.montreal.qc.ca/geomatique/lidar_aerien/2015/305-5058_2015_2-5-6.laz
304-5061,2015,http://depot.ville.montreal.qc.ca/geomatique/lidar_aerien/2015/304-5061_2015_2-5-6.laz
293-5033,2015,http://depot.ville.montreal.qc.ca/geomatique/lidar_aerien/2015/293-5033_2015_2-5-6.laz
294-5044,2015,http://depot.ville.montreal.qc.ca/geomatique/lidar_aerien/2015/294-5044_2015_2-5-6.laz
294-5049,2015,http://depot.ville.montreal.qc.ca/geomatique/lidar_aerien/2015/294-5049_2015_2-5-6.laz
294-5051,2015,http://depot.ville.montreal.qc.ca/geomatique/lidar_aerien/2015/294-5051_2015_2-5-6.laz
295-5050,2015,http://depot.ville.montreal.qc.ca/geomatique/lidar_aerien/2015/295-5050_2015_2-5-6.laz
297-5051,2015,http://depot.ville.montreal.qc.ca/geomatique/lidar_aerien/2015/297-5051_2015_2-5-6.laz
294-5048,2015,http://depot.ville.montreal.qc.ca/geomatique/lidar_aerien/2015/294-5048_2015_2-5-6.laz
296-5049,2015,http://depot.ville.montreal.qc.ca/geomatique/lidar_aerien/2015/296-5049_2015_2-5-6.laz
295-5051,2015,http://depot.ville.montreal.qc.ca/geomatique/lidar_aerien/2015/295-5051_2015_2-5-6.laz
294-5050,2015,http://depot.ville.montreal.qc.ca/geomatique/lidar_aerien/2015/294-5050_2015_2-5-6.laz
297-5055,2015,http://depot.ville.montreal.qc.ca/geomatique/lidar_aerien/2015/297-5055_2015_2-5-6.laz
294-5053,2015,http://depot.ville.montreal.qc.ca/geomatique/lidar_aerien/2015/294-5053_2015_2-5-6.laz
295-5054,2015,http://depot.ville.montreal.qc.ca/geomatique/lidar_aerien/2015/295-5054_2015_2-5-6.laz
296-5053,2015,http://depot.ville.montreal.qc.ca/geomatique/lidar_aerien/2015/296-5053_2015_2-5-6.laz
295-5053,2015,http://depot.ville.montreal.qc.ca/geomatique/lidar_aerien/2015/295-5053_2015_2-5-6.laz
294-5052,2015,http://depot.ville.montreal.qc.ca/geomatique/lidar_aerien/2015/294-5052_2015_2-5-6.laz
294-5054,2015,http://depot.ville.montreal.qc.ca/geomatique/lidar_aerien/2015/294-5054_2015_2-5-6.laz
296-5055,2015,http://depot.ville.montreal.qc.ca/geomatique/lidar_aerien/2015/296-5055_2015_2-5-6.laz
294-5047,2015,http://depot.ville.montreal.qc.ca/geomatique/lidar_aerien/2015/294-5047_2015_2-5-6.laz
294-5045,2015,http://depot.ville.montreal.qc.ca/geomatique/lidar_aerien/2015/294-5045_2015_2-5-6.laz
295-5048,2015,http://depot.ville.montreal.qc.ca/geomatique/lidar_aerien/2015/295-5048_2015_2-5-6.laz
295-5045,2015,http://depot.ville.montreal.qc.ca/geomatique/lidar_aerien/2015/295-5045_2015_2-5-6.laz
296-5045,2015,http://depot.ville.montreal.qc.ca/geomatique/lidar_aerien/2015/296-5045_2015_2-5-6.laz
294-5046,2015,http://depot.ville.montreal.qc.ca/geomatique/lidar_aerien/2015/294-5046_2015_2-5-6.laz
295-5047,2015,http://depot.ville.montreal.qc.ca/geomatique/lidar_aerien/2015/295-5047_2015_2-5-6.laz
297-5045,2015,http://depot.ville.montreal.qc.ca/geomatique/lidar_aerien/2015/297-5045_2015_2-5-6.laz
298-5046,2015,http://depot.ville.montreal.qc.ca/geomatique/lidar_aerien/2015/298-5046_2015_2-5-6.laz
303-5045,2015,http://depot.ville.montreal.qc.ca/geomatique/lidar_aerien/2015/303-5045_2015_2-5-6.laz
304-5048,2015,http://depot.ville.montreal.qc.ca/geomatique/lidar_aerien/2015/304-5048_2015_2-5-6.laz
301-5045,2015,http://depot.ville.montreal.qc.ca/geomatique/lidar_aerien/2015/301-5045_2015_2-5-6.laz
302-5045,2015,http://depot.ville.montreal.qc.ca/geomatique/lidar_aerien/2015/302-5045_2015_2-5-6.laz
301-5046,2015,http://depot.ville.montreal.qc.ca/geomatique/lidar_aerien/2015/301-5046_2015_2-5-6.laz
302-5047,2015,http://depot.ville.montreal.qc.ca/geomatique/lidar_aerien/2015/302-5047_2015_2-5-6.laz
303-5046,2015,http://depot.ville.montreal.qc.ca/geomatique/lidar_aerien/2015/303-5046_2015_2-5-6.laz
304-5047,2015,http://depot.ville.montreal.qc.ca/geomatique/lidar_aerien/2015/304-5047_2015_2-5-6.laz
297-5049,2015,http://depot.ville.montreal.qc.ca/geomatique/lidar_aerien/2015/297-5049_2015_2-5-6.laz
298-5048,2015,http://depot.ville.montreal.qc.ca/geomatique/lidar_aerien/2015/298-5048_2015_2-5-6.laz
297-5053,2015,http://depot.ville.montreal.qc.ca/geomatique/lidar_aerien/2015/297-5053_2015_2-5-6.laz
298-5052,2015,http://depot.ville.montreal.qc.ca/geomatique/lidar_aerien/2015/298-5052_2015_2-5-6.laz
299-5055,2015,http://depot.ville.montreal.qc.ca/geomatique/lidar_aerien/2015/299-5055_2015_2-5-6.laz
299-5053,2015,http://depot.ville.montreal.qc.ca/geomatique/lidar_aerien/2015/299-5053_2015_2-5-6.laz
300-5056,2015,http://depot.ville.montreal.qc.ca/geomatique/lidar_aerien/2015/300-5056_2015_2-5-6.laz
300-5054,2015,http://depot.ville.montreal.qc.ca/geomatique/lidar_aerien/2015/300-5054_2015_2-5-6.laz
299-5047,2015,http://depot.ville.montreal.qc.ca/geomatique/lidar_aerien/2015/299-5047_2015_2-5-6.laz
299-5045,2015,http://depot.ville.montreal.qc.ca/geomatique/lidar_aerien/2015/299-5045_2015_2-5-6.laz
300-5048,2015,http://depot.ville.montreal.qc.ca/geomatique/lidar_aerien/2015/300-5048_2015_2-5-6.laz
300-5046,2015,http://depot.ville.montreal.qc.ca/geomatique/lidar_aerien/2015/300-5046_2015_2-5-6.laz
301-5047,2015,http://depot.ville.montreal.qc.ca/geomatique/lidar_aerien/2015/301-5047_2015_2-5-6.laz
298-5045,2015,http://depot.ville.montreal.qc.ca/geomatique/lidar_aerien/2015/298-5045_2015_2-5-6.laz
300-5045,2015,http://depot.ville.montreal.qc.ca/geomatique/lidar_aerien/2015/300-5045_2015_2-5-6.laz
296-5046,2015,http://depot.ville.montreal.qc.ca/geomatique/lidar_aerien/2015/296-5046_2015_2-5-6.laz
297-5046,2015,http://depot.ville.montreal.qc.ca/geomatique/lidar_aerien/2015/297-5046_2015_2-5-6.laz
298-5047,2015,http://depot.ville.montreal.qc.ca/geomatique/lidar_aerien/2015/298-5047_2015_2-5-6.laz
299-5046,2015,http://depot.ville.montreal.qc.ca/geomatique/lidar_aerien/2015/299-5046_2015_2-5-6.laz
300-5047,2015,http://depot.ville.montreal.qc.ca/geomatique/lidar_aerien/2015/300-5047_2015_2-5-6.laz
303-5047,2015,http://depot.ville.montreal.qc.ca/geomatique/lidar_aerien/2015/303-5047_2015_2-5-6.laz
302-5046,2015,http://depot.ville.montreal.qc.ca/geomatique/lidar_aerien/2015/302-5046_2015_2-5-6.laz
299-5051,2015,http://depot.ville.montreal.qc.ca/geomatique/lidar_aerien/2015/299-5051_2015_2-5-6.laz
299-5049,2015,http://depot.ville.montreal.qc.ca/geomatique/lidar_aerien/2015/299-5049_2015_2-5-6.laz
300-5052,2015,http://depot.ville.montreal.qc.ca/geomatique/lidar_aerien/2015/300-5052_2015_2-5-6.laz
300-5050,2015,http://depot.ville.montreal.qc.ca/geomatique/lidar_aerien/2015/300-5050_2015_2-5-6.laz
301-5051,2015,http://depot.ville.montreal.qc.ca/geomatique/lidar_aerien/2015/301-5051_2015_2-5-6.laz
296-5048,2015,http://depot.ville.montreal.qc.ca/geomatique/lidar_aerien/2015/296-5048_2015_2-5-6.laz
297-5048,2015,http://depot.ville.montreal.qc.ca/geomatique/lidar_aerien/2015/297-5048_2015_2-5-6.laz
298-5049,2015,http://depot.ville.montreal.qc.ca/geomatique/lidar_aerien/2015/298-5049_2015_2-5-6.laz
299-5048,2015,http://depot.ville.montreal.qc.ca/geomatique/lidar_aerien/2015/299-5048_2015_2-5-6.laz
300-5049,2015,http://depot.ville.montreal.qc.ca/geomatique/lidar_aerien/2015/300-5049_2015_2-5-6.laz
296-5050,2015,http://depot.ville.montreal.qc.ca/geomatique/lidar_aerien/2015/296-5050_2015_2-5-6.laz
303-5049,2015,http://depot.ville.montreal.qc.ca/geomatique/lidar_aerien/2015/303-5049_2015_2-5-6.laz
304-5052,2015,http://depot.ville.montreal.qc.ca/geomatique/lidar_aerien/2015/304-5052_2015_2-5-6.laz
304-5050,2015,http://depot.ville.montreal.qc.ca/geomatique/lidar_aerien/2015/304-5050_2015_2-5-6.laz
301-5049,2015,http://depot.ville.montreal.qc.ca/geomatique/lidar_aerien/2015/301-5049_2015_2-5-6.laz
302-5050,2015,http://depot.ville.montreal.qc.ca/geomatique/lidar_aerien/2015/302-5050_2015_2-5-6.laz
302-5048,2015,http://depot.ville.montreal.qc.ca/geomatique/lidar_aerien/2015/302-5048_2015_2-5-6.laz
303-5051,2015,http://depot.ville.montreal.qc.ca/geomatique/lidar_aerien/2015/303-5051_2015_2-5-6.laz
301-5048,2015,http://depot.ville.montreal.qc.ca/geomatique/lidar_aerien/2015/301-5048_2015_2-5-6.laz
302-5049,2015,http://depot.ville.montreal.qc.ca/geomatique/lidar_aerien/2015/302-5049_2015_2-5-6.laz
304-5049,2015,http://depot.ville.montreal.qc.ca/geomatique/lidar_aerien/2015/304-5049_2015_2-5-6.laz
302-5051,2015,http://depot.ville.montreal.qc.ca/geomatique/lidar_aerien/2015/302-5051_2015_2-5-6.laz
304-5051,2015,http://depot.ville.montreal.qc.ca/geomatique/lidar_aerien/2015/304-5051_2015_2-5-6.laz
303-5050,2015,http://depot.ville.montreal.qc.ca/geomatique/lidar_aerien/2015/303-5050_2015_2-5-6.laz
301-5055,2015,http://depot.ville.montreal.qc.ca/geomatique/lidar_aerien/2015/301-5055_2015_2-5-6.laz
296-5052,2015,http://depot.ville.montreal.qc.ca/geomatique/lidar_aerien/2015/296-5052_2015_2-5-6.laz
297-5052,2015,http://depot.ville.montreal.qc.ca/geomatique/lidar_aerien/2015/297-5052_2015_2-5-6.laz
298-5053,2015,http://depot.ville.montreal.qc.ca/geomatique/lidar_aerien/2015/298-5053_2015_2-5-6.laz
299-5052,2015,http://depot.ville.montreal.qc.ca/geomatique/lidar_aerien/2015/299-5052_2015_2-5-6.laz
300-5053,2015,http://depot.ville.montreal.qc.ca/geomatique/lidar_aerien/2015/300-5053_2015_2-5-6.laz
298-5055,2015,http://depot.ville.montreal.qc.ca/geomatique/lidar_aerien/2015/298-5055_2015_2-5-6.laz
297-5054,2015,http://depot.ville.montreal.qc.ca/geomatique/lidar_aerien/2015/297-5054_2015_2-5-6.laz
296-5054,2015,http://depot.ville.montreal.qc.ca/geomatique/lidar_aerien/2015/296-5054_2015_2-5-6.laz
299-5054,2015,http://depot.ville.montreal.qc.ca/geomatique/lidar_aerien/2015/299-5054_2015_2-5-6.laz
302-5054,2015,http://depot.ville.montreal.qc.ca/geomatique/lidar_aerien/2015/302-5054_2015_2-5-6.laz
302-5052,2015,http://depot.ville.montreal.qc.ca/geomatique/lidar_aerien/2015/302-5052_2015_2-5-6.laz
303-5055,2015,http://depot.ville.montreal.qc.ca/geomatique/lidar_aerien/2015/303-5055_2015_2-5-6.laz
303-5053,2015,http://depot.ville.montreal.qc.ca/geomatique/lidar_aerien/2015/303-5053_2015_2-5-6.laz
304-5056,2015,http://depot.ville.montreal.qc.ca/geomatique/lidar_aerien/2015/304-5056_2015_2-5-6.laz
304-5054,2015,http://depot.ville.montreal.qc.ca/geomatique/lidar_aerien/2015/304-5054_2015_2-5-6.laz
301-5052,2015,http://depot.ville.montreal.qc.ca/geomatique/lidar_aerien/2015/301-5052_2015_2-5-6.laz
302-5053,2015,http://depot.ville.montreal.qc.ca/geomatique/lidar_aerien/2015/302-5053_2015_2-5-6.laz
303-5052,2015,http://depot.ville.montreal.qc.ca/geomatique/lidar_aerien/2015/303-5052_2015_2-5-6.laz
304-5053,2015,http://depot.ville.montreal.qc.ca/geomatique/lidar_aerien/2015/304-5053_2015_2-5-6.laz
301-5054,2015,http://depot.ville.montreal.qc.ca/geomatique/lidar_aerien/2015/301-5054_2015_2-5-6.laz
302-5055,2015,http://depot.ville.montreal.qc.ca/geomatique/lidar_aerien/2015/302-5055_2015_2-5-6.laz
304-5055,2015,http://depot.ville.montreal.qc.ca/geomatique/lidar_aerien/2015/304-5055_2015_2-5-6.laz
299-5057,2015,http://depot.ville.montreal.qc.ca/geomatique/lidar_aerien/2015/299-5057_2015_2-5-6.laz
300-5058,2015,http://depot.ville.montreal.qc.ca/geomatique/lidar_aerien/2015/300-5058_2015_2-5-6.laz
301-5059,2015,http://depot.ville.montreal.qc.ca/geomatique/lidar_aerien/2015/301-5059_2015_2-5-6.laz
296-5056,2015,http://depot.ville.montreal.qc.ca/geomatique/lidar_aerien/2015/296-5056_2015_2-5-6.laz
297-5056,2015,http://depot.ville.montreal.qc.ca/geomatique/lidar_aerien/2015/297-5056_2015_2-5-6.laz
298-5057,2015,http://depot.ville.montreal.qc.ca/geomatique/lidar_aerien/2015/298-5057_2015_2-5-6.laz
300-5057,2015,http://depot.ville.montreal.qc.ca/geomatique/lidar_aerien/2015/300-5057_2015_2-5-6.laz
299-5058,2015,http://depot.ville.montreal.qc.ca/geomatique/lidar_aerien/2015/299-5058_2015_2-5-6.laz
300-5059,2015,http://depot.ville.montreal.qc.ca/geomatique/lidar_aerien/2015/300-5059_2015_2-5-6.laz
301-5057,2015,http://depot.ville.montreal.qc.ca/geomatique/lidar_aerien/2015/301-5057_2015_2-5-6.laz
302-5058,2015,http://depot.ville.montreal.qc.ca/geomatique/lidar_aerien/2015/302-5058_2015_2-5-6.laz
302-5056,2015,http://depot.ville.montreal.qc.ca/geomatique/lidar_aerien/2015/302-5056_2015_2-5-6.laz
303-5059,2015,http://depot.ville.montreal.qc.ca/geomatique/lidar_aerien/2015/303-5059_2015_2-5-6.laz
303-5057,2015,http://depot.ville.montreal.qc.ca/geomatique/lidar_aerien/2015/303-5057_2015_2-5-6.laz
304-5060,2015,http://depot.ville.montreal.qc.ca/geomatique/lidar_aerien/2015/304-5060_2015_2-5-6.laz
304-5058,2015,http://depot.ville.montreal.qc.ca/geomatique/lidar_aerien/2015/304-5058_2015_2-5-6.laz
301-5056,2015,http://depot.ville.montreal.qc.ca/geomatique/lidar_aerien/2015/301-5056_2015_2-5-6.laz
302-5057,2015,http://depot.ville.montreal.qc.ca/geomatique/lidar_aerien/2015/302-5057_2015_2-5-6.laz
303-5056,2015,http://depot.ville.montreal.qc.ca/geomatique/lidar_aerien/2015/303-5056_2015_2-5-6.laz
304-5057,2015,http://depot.ville.montreal.qc.ca/geomatique/lidar_aerien/2015/304-5057_2015_2-5-6.laz
301-5058,2015,http://depot.ville.montreal.qc.ca/geomatique/lidar_aerien/2015/301-5058_2015_2-5-6.laz
302-5059,2015,http://depot.ville.montreal.qc.ca/geomatique/lidar_aerien/2015/302-5059_2015_2-5-6.laz
303-5058,2015,http://depot.ville.montreal.qc.ca/geomatique/lidar_aerien/2015/303-5058_2015_2-5-6.laz
304-5059,2015,http://depot.ville.montreal.qc.ca/geomatique/lidar_aerien/2015/304-5059_2015_2-5-6.laz
303-5061,2015,http://depot.ville.montreal.qc.ca/geomatique/lidar_aerien/2015/303-5061_2015_2-5-6.laz
302-5060,2015,http://depot.ville.montreal.qc.ca/geomatique/lidar_aerien/2015/302-5060_2015_2-5-6.laz
304-5062,2015,http://depot.ville.montreal.qc.ca/geomatique/lidar_aerien/2015/304-5062_2015_2-5-6.laz
303-5062,2015,http://depot.ville.montreal.qc.ca/geomatique/lidar_aerien/2015/303-5062_2015_2-5-6.laz
293-5046,2015,http://depot.ville.montreal.qc.ca/geomatique/lidar_aerien/2015/293-5046_2015_2-5-6.laz
293-5045,2015,http://depot.ville.montreal.qc.ca/geomatique/lidar_aerien/2015/293-5045_2015_2-5-6.laz
293-5047,2015,http://depot.ville.montreal.qc.ca/geomatique/lidar_aerien/2015/293-5047_2015_2-5-6.laz
293-5048,2015,http://depot.ville.montreal.qc.ca/geomatique/lidar_aerien/2015/293-5048_2015_2-5-6.laz
293-5049,2015,http://depot.ville.montreal.qc.ca/geomatique/lidar_aerien/2015/293-5049_2015_2-5-6.laz
301-5034,2015,http://depot.ville.montreal.qc.ca/geomatique/lidar_aerien/2015/301-5034_2015_2-5-6.laz
293-5052,2015,http://depot.ville.montreal.qc.ca/geomatique/lidar_aerien/2015/293-5052_2015_2-5-6.laz
293-5053,2015,http://depot.ville.montreal.qc.ca/geomatique/lidar_aerien/2015/293-5053_2015_2-5-6.laz
305-5055,2015,http://depot.ville.montreal.qc.ca/geomatique/lidar_aerien/2015/305-5055_2015_2-5-6.laz
305-5053,2015,http://depot.ville.montreal.qc.ca/geomatique/lidar_aerien/2015/305-5053_2015_2-5-6.laz
305-5054,2015,http://depot.ville.montreal.qc.ca/geomatique/lidar_aerien/2015/305-5054_2015_2-5-6.laz
305-5059,2015,http://depot.ville.montreal.qc.ca/geomatique/lidar_aerien/2015/305-5059_2015_2-5-6.laz
299-5032,2015,http://depot.ville.montreal.qc.ca/geomatique/lidar_aerien/2015/299-5032_2015_2-5-6.laz
305-5057,2015,http://depot.ville.montreal.qc.ca/geomatique/lidar_aerien/2015/305-5057_2015_2-5-6.laz
305-5056,2015,http://depot.ville.montreal.qc.ca/geomatique/lidar_aerien/2015/305-5056_2015_2-5-6.laz
305-5061,2015,http://depot.ville.montreal.qc.ca/geomatique/lidar_aerien/2015/305-5061_2015_2-5-6.laz
305-5060,2015,http://depot.ville.montreal.qc.ca/geomatique/lidar_aerien/2015/305-5060_2015_2-5-6.laz
305-5062,2015,http://depot.ville.montreal.qc.ca/geomatique/lidar_aerien/2015/305-5062_2015_2-5-6.laz
290-5045,2015,http://depot.ville.montreal.qc.ca/geomatique/lidar_aerien/2015/290-5045_2015_2-5-6.laz
288-5045,2015,http://depot.ville.montreal.qc.ca/geomatique/lidar_aerien/2015/288-5045_2015_2-5-6.laz
289-5045,2015,http://depot.ville.montreal.qc.ca/geomatique/lidar_aerien/2015/289-5045_2015_2-5-6.laz
290-5046,2015,http://depot.ville.montreal.qc.ca/geomatique/lidar_aerien/2015/290-5046_2015_2-5-6.laz
298-5031,2015,http://depot.ville.montreal.qc.ca/geomatique/lidar_aerien/2015/298-5031_2015_2-5-6.laz
297-5032,2015,http://depot.ville.montreal.qc.ca/geomatique/lidar_aerien/2015/297-5032_2015_2-5-6.laz
298-5033,2015,http://depot.ville.montreal.qc.ca/geomatique/lidar_aerien/2015/298-5033_2015_2-5-6.laz
299-5034,2015,http://depot.ville.montreal.qc.ca/geomatique/lidar_aerien/2015/299-5034_2015_2-5-6.laz
300-5035,2015,http://depot.ville.montreal.qc.ca/geomatique/lidar_aerien/2015/300-5035_2015_2-5-6.laz
300-5033,2015,http://depot.ville.montreal.qc.ca/geomatique/lidar_aerien/2015/300-5033_2015_2-5-6.laz
296-5031,2015,http://depot.ville.montreal.qc.ca/geomatique/lidar_aerien/2015/296-5031_2015_2-5-6.laz
298-5032,2015,http://depot.ville.montreal.qc.ca/geomatique/lidar_aerien/2015/298-5032_2015_2-5-6.laz
300-5032,2015,http://depot.ville.montreal.qc.ca/geomatique/lidar_aerien/2015/300-5032_2015_2-5-6.laz
296-5033,2015,http://depot.ville.montreal.qc.ca/geomatique/lidar_aerien/2015/296-5033_2015_2-5-6.laz
291-5047,2015,http://depot.ville.montreal.qc.ca/geomatique/lidar_aerien/2015/291-5047_2015_2-5-6.laz
291-5049,2015,http://depot.ville.montreal.qc.ca/geomatique/lidar_aerien/2015/291-5049_2015_2-5-6.laz
285-5036,2015,http://depot.ville.montreal.qc.ca/geomatique/lidar_aerien/2015/285-5036_2015_2-5-6.laz
297-5033,2015,http://depot.ville.montreal.qc.ca/geomatique/lidar_aerien/2015/297-5033_2015_2-5-6.laz
283-5031,2015,http://depot.ville.montreal.qc.ca/geomatique/lidar_aerien/2015/283-5031_2015_2-5-6.laz
287-5031,2015,http://depot.ville.montreal.qc.ca/geomatique/lidar_aerien/2015/287-5031_2015_2-5-6.laz
291-5031,2015,http://depot.ville.montreal.qc.ca/geomatique/lidar_aerien/2015/291-5031_2015_2-5-6.laz
291-5030,2015,http://depot.ville.montreal.qc.ca/geomatique/lidar_aerien/2015/291-5030_2015_2-5-6.laz
281-5033,2015,http://depot.ville.montreal.qc.ca/geomatique/lidar_aerien/2015/281-5033_2015_2-5-6.laz
281-5031,2015,http://depot.ville.montreal.qc.ca/geomatique/lidar_aerien/2015/281-5031_2015_2-5-6.laz
282-5034,2015,http://depot.ville.montreal.qc.ca/geomatique/lidar_aerien/2015/282-5034_2015_2-5-6.laz
282-5032,2015,http://depot.ville.montreal.qc.ca/geomatique/lidar_aerien/2015/282-5032_2015_2-5-6.laz
283-5035,2015,http://depot.ville.montreal.qc.ca/geomatique/lidar_aerien/2015/283-5035_2015_2-5-6.laz
283-5033,2015,http://depot.ville.montreal.qc.ca/geomatique/lidar_aerien/2015/283-5033_2015_2-5-6.laz
284-5034,2015,http://depot.ville.montreal.qc.ca/geomatique/lidar_aerien/2015/284-5034_2015_2-5-6.laz
281-5032,2015,http://depot.ville.montreal.qc.ca/geomatique/lidar_aerien/2015/281-5032_2015_2-5-6.laz
283-5032,2015,http://depot.ville.montreal.qc.ca/geomatique/lidar_aerien/2015/283-5032_2015_2-5-6.laz
281-5034,2015,http://depot.ville.montreal.qc.ca/geomatique/lidar_aerien/2015/281-5034_2015_2-5-6.laz
282-5033,2015,http://depot.ville.montreal.qc.ca/geomatique/lidar_aerien/2015/282-5033_2015_2-5-6.laz
283-5034,2015,http://depot.ville.montreal.qc.ca/geomatique/lidar_aerien/2015/283-5034_2015_2-5-6.laz
284-5032,2015,http://depot.ville.montreal.qc.ca/geomatique/lidar_aerien/2015/284-5032_2015_2-5-6.laz
285-5033,2015,http://depot.ville.montreal.qc.ca/geomatique/lidar_aerien/2015/285-5033_2015_2-5-6.laz
285-5031,2015,http://depot.ville.montreal.qc.ca/geomatique/lidar_aerien/2015/285-5031_2015_2-5-6.laz
286-5034,2015,http://depot.ville.montreal.qc.ca/geomatique/lidar_aerien/2015/286-5034_2015_2-5-6.laz
286-5032,2015,http://depot.ville.montreal.qc.ca/geomatique/lidar_aerien/2015/286-5032_2015_2-5-6.laz
287-5035,2015,http://depot.ville.montreal.qc.ca/geomatique/lidar_aerien/2015/287-5035_2015_2-5-6.laz
287-5033,2015,http://depot.ville.montreal.qc.ca/geomatique/lidar_aerien/2015/287-5033_2015_2-5-6.laz
288-5034,2015,http://depot.ville.montreal.qc.ca/geomatique/lidar_aerien/2015/288-5034_2015_2-5-6.laz
284-5031,2015,http://depot.ville.montreal.qc.ca/geomatique/lidar_aerien/2015/284-5031_2015_2-5-6.laz
285-5032,2015,http://depot.ville.montreal.qc.ca/geomatique/lidar_aerien/2015/285-5032_2015_2-5-6.laz
287-5032,2015,http://depot.ville.montreal.qc.ca/geomatique/lidar_aerien/2015/287-5032_2015_2-5-6.laz
284-5033,2015,http://depot.ville.montreal.qc.ca/geomatique/lidar_aerien/2015/284-5033_2015_2-5-6.laz
286-5033,2015,http://depot.ville.montreal.qc.ca/geomatique/lidar_aerien/2015/286-5033_2015_2-5-6.laz
287-5034,2015,http://depot.ville.montreal.qc.ca/geomatique/lidar_aerien/2015/287-5034_2015_2-5-6.laz
281-5037,2015,http://depot.ville.montreal.qc.ca/geomatique/lidar_aerien/2015/281-5037_2015_2-5-6.laz
281-5035,2015,http://depot.ville.montreal.qc.ca/geomatique/lidar_aerien/2015/281-5035_2015_2-5-6.laz
282-5039,2015,http://depot.ville.montreal.qc.ca/geomatique/lidar_aerien/2015/282-5039_2015_2-5-6.laz
282-5036,2015,http://depot.ville.montreal.qc.ca/geomatique/lidar_aerien/2015/282-5036_2015_2-5-6.laz
283-5040,2015,http://depot.ville.montreal.qc.ca/geomatique/lidar_aerien/2015/283-5040_2015_2-5-6.laz
283-5037,2015,http://depot.ville.montreal.qc.ca/geomatique/lidar_aerien/2015/283-5037_2015_2-5-6.laz
284-5039,2015,http://depot.ville.montreal.qc.ca/geomatique/lidar_aerien/2015/284-5039_2015_2-5-6.laz
281-5036,2015,http://depot.ville.montreal.qc.ca/geomatique/lidar_aerien/2015/281-5036_2015_2-5-6.laz
282-5035,2015,http://depot.ville.montreal.qc.ca/geomatique/lidar_aerien/2015/282-5035_2015_2-5-6.laz
283-5036,2015,http://depot.ville.montreal.qc.ca/geomatique/lidar_aerien/2015/283-5036_2015_2-5-6.laz
281-5039,2015,http://depot.ville.montreal.qc.ca/geomatique/lidar_aerien/2015/281-5039_2015_2-5-6.laz
281-5038,2015,http://depot.ville.montreal.qc.ca/geomatique/lidar_aerien/2015/281-5038_2015_2-5-6.laz
282-5038,2015,http://depot.ville.montreal.qc.ca/geomatique/lidar_aerien/2015/282-5038_2015_2-5-6.laz
282-5037,2015,http://depot.ville.montreal.qc.ca/geomatique/lidar_aerien/2015/282-5037_2015_2-5-6.laz
283-5039,2015,http://depot.ville.montreal.qc.ca/geomatique/lidar_aerien/2015/283-5039_2015_2-5-6.laz
283-5038,2015,http://depot.ville.montreal.qc.ca/geomatique/lidar_aerien/2015/283-5038_2015_2-5-6.laz
284-5036,2015,http://depot.ville.montreal.qc.ca/geomatique/lidar_aerien/2015/284-5036_2015_2-5-6.laz
285-5037,2015,http://depot.ville.montreal.qc.ca/geomatique/lidar_aerien/2015/285-5037_2015_2-5-6.laz
285-5035,2015,http://depot.ville.montreal.qc.ca/geomatique/lidar_aerien/2015/285-5035_2015_2-5-6.laz
286-5039,2015,http://depot.ville.montreal.qc.ca/geomatique/lidar_aerien/2015/286-5039_2015_2-5-6.laz
286-5036,2015,http://depot.ville.montreal.qc.ca/geomatique/lidar_aerien/2015/286-5036_2015_2-5-6.laz
287-5040,2015,http://depot.ville.montreal.qc.ca/geomatique/lidar_aerien/2015/287-5040_2015_2-5-6.laz
287-5037,2015,http://depot.ville.montreal.qc.ca/geomatique/lidar_aerien/2015/287-5037_2015_2-5-6.laz
286-5035,2015,http://depot.ville.montreal.qc.ca/geomatique/lidar_aerien/2015/286-5035_2015_2-5-6.laz
287-5036,2015,http://depot.ville.montreal.qc.ca/geomatique/lidar_aerien/2015/287-5036_2015_2-5-6.laz
284-5038,2015,http://depot.ville.montreal.qc.ca/geomatique/lidar_aerien/2015/284-5038_2015_2-5-6.laz
284-5037,2015,http://depot.ville.montreal.qc.ca/geomatique/lidar_aerien/2015/284-5037_2015_2-5-6.laz
285-5039,2015,http://depot.ville.montreal.qc.ca/geomatique/lidar_aerien/2015/285-5039_2015_2-5-6.laz
285-5038,2015,http://depot.ville.montreal.qc.ca/geomatique/lidar_aerien/2015/285-5038_2015_2-5-6.laz
286-5038,2015,http://depot.ville.montreal.qc.ca/geomatique/lidar_aerien/2015/286-5038_2015_2-5-6.laz
286-5037,2015,http://depot.ville.montreal.qc.ca/geomatique/lidar_aerien/2015/286-5037_2015_2-5-6.laz
287-5039,2015,http://depot.ville.montreal.qc.ca/geomatique/lidar_aerien/2015/287-5039_2015_2-5-6.laz
287-5038,2015,http://depot.ville.montreal.qc.ca/geomatique/lidar_aerien/2015/287-5038_2015_2-5-6.laz
288-5032,2015,http://depot.ville.montreal.qc.ca/geomatique/lidar_aerien/2015/288-5032_2015_2-5-6.laz
289-5033,2015,http://depot.ville.montreal.qc.ca/geomatique/lidar_aerien/2015/289-5033_2015_2-5-6.laz
289-5031,2015,http://depot.ville.montreal.qc.ca/geomatique/lidar_aerien/2015/289-5031_2015_2-5-6.laz
290-5034,2015,http://depot.ville.montreal.qc.ca/geomatique/lidar_aerien/2015/290-5034_2015_2-5-6.laz
290-5032,2015,http://depot.ville.montreal.qc.ca/geomatique/lidar_aerien/2015/290-5032_2015_2-5-6.laz
291-5035,2015,http://depot.ville.montreal.qc.ca/geomatique/lidar_aerien/2015/291-5035_2015_2-5-6.laz
291-5033,2015,http://depot.ville.montreal.qc.ca/geomatique/lidar_aerien/2015/291-5033_2015_2-5-6.laz
288-5031,2015,http://depot.ville.montreal.qc.ca/geomatique/lidar_aerien/2015/288-5031_2015_2-5-6.laz
289-5032,2015,http://depot.ville.montreal.qc.ca/geomatique/lidar_aerien/2015/289-5032_2015_2-5-6.laz
290-5031,2015,http://depot.ville.montreal.qc.ca/geomatique/lidar_aerien/2015/290-5031_2015_2-5-6.laz
288-5033,2015,http://depot.ville.montreal.qc.ca/geomatique/lidar_aerien/2015/288-5033_2015_2-5-6.laz
289-5034,2015,http://depot.ville.montreal.qc.ca/geomatique/lidar_aerien/2015/289-5034_2015_2-5-6.laz
290-5033,2015,http://depot.ville.montreal.qc.ca/geomatique/lidar_aerien/2015/290-5033_2015_2-5-6.laz
291-5034,2015,http://depot.ville.montreal.qc.ca/geomatique/lidar_aerien/2015/291-5034_2015_2-5-6.laz
288-5036,2015,http://depot.ville.montreal.qc.ca/geomatique/lidar_aerien/2015/288-5036_2015_2-5-6.laz
289-5037,2015,http://depot.ville.montreal.qc.ca/geomatique/lidar_aerien/2015/289-5037_2015_2-5-6.laz
289-5035,2015,http://depot.ville.montreal.qc.ca/geomatique/lidar_aerien/2015/289-5035_2015_2-5-6.laz
290-5039,2015,http://depot.ville.montreal.qc.ca/geomatique/lidar_aerien/2015/290-5039_2015_2-5-6.laz
290-5036,2015,http://depot.ville.montreal.qc.ca/geomatique/lidar_aerien/2015/290-5036_2015_2-5-6.laz
291-5040,2015,http://depot.ville.montreal.qc.ca/geomatique/lidar_aerien/2015/291-5040_2015_2-5-6.laz
291-5037,2015,http://depot.ville.montreal.qc.ca/geomatique/lidar_aerien/2015/291-5037_2015_2-5-6.laz
288-5035,2015,http://depot.ville.montreal.qc.ca/geomatique/lidar_aerien/2015/288-5035_2015_2-5-6.laz
289-5036,2015,http://depot.ville.montreal.qc.ca/geomatique/lidar_aerien/2015/289-5036_2015_2-5-6.laz
290-5035,2015,http://depot.ville.montreal.qc.ca/geomatique/lidar_aerien/2015/290-5035_2015_2-5-6.laz
291-5036,2015,http://depot.ville.montreal.qc.ca/geomatique/lidar_aerien/2015/291-5036_2015_2-5-6.laz
288-5038,2015,http://depot.ville.montreal.qc.ca/geomatique/lidar_aerien/2015/288-5038_2015_2-5-6.laz
288-5037,2015,http://depot.ville.montreal.qc.ca/geomatique/lidar_aerien/2015/288-5037_2015_2-5-6.laz
289-5039,2015,http://depot.ville.montreal.qc.ca/geomatique/lidar_aerien/2015/289-5039_2015_2-5-6.laz
289-5038,2015,http://depot.ville.montreal.qc.ca/geomatique/lidar_aerien/2015/289-5038_2015_2-5-6.laz
290-5037,2015,http://depot.ville.montreal.qc.ca/geomatique/lidar_aerien/2015/290-5037_2015_2-5-6.laz
291-5039,2015,http://depot.ville.montreal.qc.ca/geomatique/lidar_aerien/2015/291-5039_2015_2-5-6.laz
291-5038,2015,http://depot.ville.montreal.qc.ca/geomatique/lidar_aerien/2015/291-5038_2015_2-5-6.laz
282-5041,2015,http://depot.ville.montreal.qc.ca/geomatique/lidar_aerien/2015/282-5041_2015_2-5-6.laz
281-5040,2015,http://depot.ville.montreal.qc.ca/geomatique/lidar_aerien/2015/281-5040_2015_2-5-6.laz
281-5042,2015,http://depot.ville.montreal.qc.ca/geomatique/lidar_aerien/2015/281-5042_2015_2-5-6.laz
281-5041,2015,http://depot.ville.montreal.qc.ca/geomatique/lidar_aerien/2015/281-5041_2015_2-5-6.laz
283-5041,2015,http://depot.ville.montreal.qc.ca/geomatique/lidar_aerien/2015/283-5041_2015_2-5-6.laz
282-5040,2015,http://depot.ville.montreal.qc.ca/geomatique/lidar_aerien/2015/282-5040_2015_2-5-6.laz
288-5043,2015,http://depot.ville.montreal.qc.ca/geomatique/lidar_aerien/2015/288-5043_2015_2-5-6.laz
284-5041,2015,http://depot.ville.montreal.qc.ca/geomatique/lidar_aerien/2015/284-5041_2015_2-5-6.laz
285-5042,2015,http://depot.ville.montreal.qc.ca/geomatique/lidar_aerien/2015/285-5042_2015_2-5-6.laz
286-5043,2015,http://depot.ville.montreal.qc.ca/geomatique/lidar_aerien/2015/286-5043_2015_2-5-6.laz
285-5040,2015,http://depot.ville.montreal.qc.ca/geomatique/lidar_aerien/2015/285-5040_2015_2-5-6.laz
286-5041,2015,http://depot.ville.montreal.qc.ca/geomatique/lidar_aerien/2015/286-5041_2015_2-5-6.laz
287-5042,2015,http://depot.ville.montreal.qc.ca/geomatique/lidar_aerien/2015/287-5042_2015_2-5-6.laz
285-5041,2015,http://depot.ville.montreal.qc.ca/geomatique/lidar_aerien/2015/285-5041_2015_2-5-6.laz
284-5040,2015,http://depot.ville.montreal.qc.ca/geomatique/lidar_aerien/2015/284-5040_2015_2-5-6.laz
286-5040,2015,http://depot.ville.montreal.qc.ca/geomatique/lidar_aerien/2015/286-5040_2015_2-5-6.laz
287-5041,2015,http://depot.ville.montreal.qc.ca/geomatique/lidar_aerien/2015/287-5041_2015_2-5-6.laz
284-5042,2015,http://depot.ville.montreal.qc.ca/geomatique/lidar_aerien/2015/284-5042_2015_2-5-6.laz
285-5043,2015,http://depot.ville.montreal.qc.ca/geomatique/lidar_aerien/2015/285-5043_2015_2-5-6.laz
287-5043,2015,http://depot.ville.montreal.qc.ca/geomatique/lidar_aerien/2015/287-5043_2015_2-5-6.laz
288-5041,2015,http://depot.ville.montreal.qc.ca/geomatique/lidar_aerien/2015/288-5041_2015_2-5-6.laz
289-5042,2015,http://depot.ville.montreal.qc.ca/geomatique/lidar_aerien/2015/289-5042_2015_2-5-6.laz
289-5040,2015,http://depot.ville.montreal.qc.ca/geomatique/lidar_aerien/2015/289-5040_2015_2-5-6.laz
290-5043,2015,http://depot.ville.montreal.qc.ca/geomatique/lidar_aerien/2015/290-5043_2015_2-5-6.laz
290-5041,2015,http://depot.ville.montreal.qc.ca/geomatique/lidar_aerien/2015/290-5041_2015_2-5-6.laz
291-5042,2015,http://depot.ville.montreal.qc.ca/geomatique/lidar_aerien/2015/291-5042_2015_2-5-6.laz
288-5040,2015,http://depot.ville.montreal.qc.ca/geomatique/lidar_aerien/2015/288-5040_2015_2-5-6.laz
289-5041,2015,http://depot.ville.montreal.qc.ca/geomatique/lidar_aerien/2015/289-5041_2015_2-5-6.laz
290-5040,2015,http://depot.ville.montreal.qc.ca/geomatique/lidar_aerien/2015/290-5040_2015_2-5-6.laz
291-5041,2015,http://depot.ville.montreal.qc.ca/geomatique/lidar_aerien/2015/291-5041_2015_2-5-6.laz
288-5042,2015,http://depot.ville.montreal.qc.ca/geomatique/lidar_aerien/2015/288-5042_2015_2-5-6.laz
289-5043,2015,http://depot.ville.montreal.qc.ca/geomatique/lidar_aerien/2015/289-5043_2015_2-5-6.laz
290-5042,2015,http://depot.ville.montreal.qc.ca/geomatique/lidar_aerien/2015/290-5042_2015_2-5-6.laz
298-5034,2015,http://depot.ville.montreal.qc.ca/geomatique/lidar_aerien/2015/298-5034_2015_2-5-6.laz
299-5033,2015,http://depot.ville.montreal.qc.ca/geomatique/lidar_aerien/2015/299-5033_2015_2-5-6.laz
300-5034,2015,http://depot.ville.montreal.qc.ca/geomatique/lidar_aerien/2015/300-5034_2015_2-5-6.laz
301-5033,2015,http://depot.ville.montreal.qc.ca/geomatique/lidar_aerien/2015/301-5033_2015_2-5-6.laz
299-5039,2015,http://depot.ville.montreal.qc.ca/geomatique/lidar_aerien/2015/299-5039_2015_2-5-6.laz
299-5036,2015,http://depot.ville.montreal.qc.ca/geomatique/lidar_aerien/2015/299-5036_2015_2-5-6.laz
300-5037,2015,http://depot.ville.montreal.qc.ca/geomatique/lidar_aerien/2015/300-5037_2015_2-5-6.laz
296-5035,2015,http://depot.ville.montreal.qc.ca/geomatique/lidar_aerien/2015/296-5035_2015_2-5-6.laz
297-5035,2015,http://depot.ville.montreal.qc.ca/geomatique/lidar_aerien/2015/297-5035_2015_2-5-6.laz
299-5035,2015,http://depot.ville.montreal.qc.ca/geomatique/lidar_aerien/2015/299-5035_2015_2-5-6.laz
300-5036,2015,http://depot.ville.montreal.qc.ca/geomatique/lidar_aerien/2015/300-5036_2015_2-5-6.laz
296-5037,2015,http://depot.ville.montreal.qc.ca/geomatique/lidar_aerien/2015/296-5037_2015_2-5-6.laz
297-5038,2015,http://depot.ville.montreal.qc.ca/geomatique/lidar_aerien/2015/297-5038_2015_2-5-6.laz
297-5037,2015,http://depot.ville.montreal.qc.ca/geomatique/lidar_aerien/2015/297-5037_2015_2-5-6.laz
296-5038,2015,http://depot.ville.montreal.qc.ca/geomatique/lidar_aerien/2015/296-5038_2015_2-5-6.laz
299-5038,2015,http://depot.ville.montreal.qc.ca/geomatique/lidar_aerien/2015/299-5038_2015_2-5-6.laz
300-5038,2015,http://depot.ville.montreal.qc.ca/geomatique/lidar_aerien/2015/300-5038_2015_2-5-6.laz
303-5041,2015,http://depot.ville.montreal.qc.ca/geomatique/lidar_aerien/2015/303-5041_2015_2-5-6.laz
301-5041,2015,http://depot.ville.montreal.qc.ca/geomatique/lidar_aerien/2015/301-5041_2015_2-5-6.laz
302-5041,2015,http://depot.ville.montreal.qc.ca/geomatique/lidar_aerien/2015/302-5041_2015_2-5-6.laz
301-5040,2015,http://depot.ville.montreal.qc.ca/geomatique/lidar_aerien/2015/301-5040_2015_2-5-6.laz
303-5040,2015,http://depot.ville.montreal.qc.ca/geomatique/lidar_aerien/2015/303-5040_2015_2-5-6.laz
302-5043,2015,http://depot.ville.montreal.qc.ca/geomatique/lidar_aerien/2015/302-5043_2015_2-5-6.laz
301-5042,2015,http://depot.ville.montreal.qc.ca/geomatique/lidar_aerien/2015/301-5042_2015_2-5-6.laz
303-5042,2015,http://depot.ville.montreal.qc.ca/geomatique/lidar_aerien/2015/303-5042_2015_2-5-6.laz
300-5040,2015,http://depot.ville.montreal.qc.ca/geomatique/lidar_aerien/2015/300-5040_2015_2-5-6.laz
272-5036,2015,http://depot.ville.montreal.qc.ca/geomatique/lidar_aerien/2015/272-5036_2015_2-5-6.laz
298-5044,2015,http://depot.ville.montreal.qc.ca/geomatique/lidar_aerien/2015/298-5044_2015_2-5-6.laz
299-5044,2015,http://depot.ville.montreal.qc.ca/geomatique/lidar_aerien/2015/299-5044_2015_2-5-6.laz
297-5044,2015,http://depot.ville.montreal.qc.ca/geomatique/lidar_aerien/2015/297-5044_2015_2-5-6.laz
302-5044,2015,http://depot.ville.montreal.qc.ca/geomatique/lidar_aerien/2015/302-5044_2015_2-5-6.laz
301-5044,2015,http://depot.ville.montreal.qc.ca/geomatique/lidar_aerien/2015/301-5044_2015_2-5-6.laz
299-5042,2015,http://depot.ville.montreal.qc.ca/geomatique/lidar_aerien/2015/299-5042_2015_2-5-6.laz
302-5042,2015,http://depot.ville.montreal.qc.ca/geomatique/lidar_aerien/2015/302-5042_2015_2-5-6.laz
302-5040,2015,http://depot.ville.montreal.qc.ca/geomatique/lidar_aerien/2015/302-5040_2015_2-5-6.laz
300-5041,2015,http://depot.ville.montreal.qc.ca/geomatique/lidar_aerien/2015/300-5041_2015_2-5-6.laz
299-5040,2015,http://depot.ville.montreal.qc.ca/geomatique/lidar_aerien/2015/299-5040_2015_2-5-6.laz
270-5031,2015,http://depot.ville.montreal.qc.ca/geomatique/lidar_aerien/2015/270-5031_2015_2-5-6.laz
273-5029,2015,http://depot.ville.montreal.qc.ca/geomatique/lidar_aerien/2015/273-5029_2015_2-5-6.laz
274-5030,2015,http://depot.ville.montreal.qc.ca/geomatique/lidar_aerien/2015/274-5030_2015_2-5-6.laz
297-5042,2015,http://depot.ville.montreal.qc.ca/geomatique/lidar_aerien/2015/297-5042_2015_2-5-6.laz
298-5043,2015,http://depot.ville.montreal.qc.ca/geomatique/lidar_aerien/2015/298-5043_2015_2-5-6.laz
299-5041,2015,http://depot.ville.montreal.qc.ca/geomatique/lidar_aerien/2015/299-5041_2015_2-5-6.laz
298-5041,2015,http://depot.ville.montreal.qc.ca/geomatique/lidar_aerien/2015/298-5041_2015_2-5-6.laz
298-5038,2015,http://depot.ville.montreal.qc.ca/geomatique/lidar_aerien/2015/298-5038_2015_2-5-6.laz
303-5039,2015,http://depot.ville.montreal.qc.ca/geomatique/lidar_aerien/2015/303-5039_2015_2-5-6.laz
302-5039,2015,http://depot.ville.montreal.qc.ca/geomatique/lidar_aerien/2015/302-5039_2015_2-5-6.laz
301-5038,2015,http://depot.ville.montreal.qc.ca/geomatique/lidar_aerien/2015/301-5038_2015_2-5-6.laz
278-5041,2015,http://depot.ville.montreal.qc.ca/geomatique/lidar_aerien/2015/278-5041_2015_2-5-6.laz
268-5035,2015,http://depot.ville.montreal.qc.ca/geomatique/lidar_aerien/2015/268-5035_2015_2-5-6.laz
278-5031,2015,http://depot.ville.montreal.qc.ca/geomatique/lidar_aerien/2015/278-5031_2015_2-5-6.laz
278-5030,2015,http://depot.ville.montreal.qc.ca/geomatique/lidar_aerien/2015/278-5030_2015_2-5-6.laz
278-5036,2015,http://depot.ville.montreal.qc.ca/geomatique/lidar_aerien/2015/278-5036_2015_2-5-6.laz
278-5035,2015,http://depot.ville.montreal.qc.ca/geomatique/lidar_aerien/2015/278-5035_2015_2-5-6.laz
276-5031,2015,http://depot.ville.montreal.qc.ca/geomatique/lidar_aerien/2015/276-5031_2015_2-5-6.laz
274-5036,2015,http://depot.ville.montreal.qc.ca/geomatique/lidar_aerien/2015/274-5036_2015_2-5-6.laz
274-5037,2015,http://depot.ville.montreal.qc.ca/geomatique/lidar_aerien/2015/274-5037_2015_2-5-6.laz
292-5047,2015,http://depot.ville.montreal.qc.ca/geomatique/lidar_aerien/2015/292-5047_2015_2-5-6.laz
292-5046,2015,http://depot.ville.montreal.qc.ca/geomatique/lidar_aerien/2015/292-5046_2015_2-5-6.laz
292-5045,2015,http://depot.ville.montreal.qc.ca/geomatique/lidar_aerien/2015/292-5045_2015_2-5-6.laz
273-5035,2015,http://depot.ville.montreal.qc.ca/geomatique/lidar_aerien/2015/273-5035_2015_2-5-6.laz
279-5035,2015,http://depot.ville.montreal.qc.ca/geomatique/lidar_aerien/2015/279-5035_2015_2-5-6.laz
279-5033,2015,http://depot.ville.montreal.qc.ca/geomatique/lidar_aerien/2015/279-5033_2015_2-5-6.laz
279-5039,2015,http://depot.ville.montreal.qc.ca/geomatique/lidar_aerien/2015/279-5039_2015_2-5-6.laz
279-5038,2015,http://depot.ville.montreal.qc.ca/geomatique/lidar_aerien/2015/279-5038_2015_2-5-6.laz
279-5042,2015,http://depot.ville.montreal.qc.ca/geomatique/lidar_aerien/2015/279-5042_2015_2-5-6.laz
276-5038,2015,http://depot.ville.montreal.qc.ca/geomatique/lidar_aerien/2015/276-5038_2015_2-5-6.laz
276-5037,2015,http://depot.ville.montreal.qc.ca/geomatique/lidar_aerien/2015/276-5037_2015_2-5-6.laz
266-5031,2015,http://depot.ville.montreal.qc.ca/geomatique/lidar_aerien/2015/266-5031_2015_2-5-6.laz
278-5032,2015,http://depot.ville.montreal.qc.ca/geomatique/lidar_aerien/2015/278-5032_2015_2-5-6.laz
278-5040,2015,http://depot.ville.montreal.qc.ca/geomatique/lidar_aerien/2015/278-5040_2015_2-5-6.laz
278-5042,2015,http://depot.ville.montreal.qc.ca/geomatique/lidar_aerien/2015/278-5042_2015_2-5-6.laz
277-5034,2015,http://depot.ville.montreal.qc.ca/geomatique/lidar_aerien/2015/277-5034_2015_2-5-6.laz
277-5037,2015,http://depot.ville.montreal.qc.ca/geomatique/lidar_aerien/2015/277-5037_2015_2-5-6.laz
277-5035,2015,http://depot.ville.montreal.qc.ca/geomatique/lidar_aerien/2015/277-5035_2015_2-5-6.laz
277-5036,2015,http://depot.ville.montreal.qc.ca/geomatique/lidar_aerien/2015/277-5036_2015_2-5-6.laz
277-5039,2015,http://depot.ville.montreal.qc.ca/geomatique/lidar_aerien/2015/277-5039_2015_2-5-6.laz
277-5038,2015,http://depot.ville.montreal.qc.ca/geomatique/lidar_aerien/2015/277-5038_2015_2-5-6.laz
276-5033,2015,http://depot.ville.montreal.qc.ca/geomatique/lidar_aerien/2015/276-5033_2015_2-5-6.laz
274-5039,2015,http://depot.ville.montreal.qc.ca/geomatique/lidar_aerien/2015/274-5039_2015_2-5-6.laz
274-5038,2015,http://depot.ville.montreal.qc.ca/geomatique/lidar_aerien/2015/274-5038_2015_2-5-6.laz
274-5035,2015,http://depot.ville.montreal.qc.ca/geomatique/lidar_aerien/2015/274-5035_2015_2-5-6.laz
273-5039,2015,http://depot.ville.montreal.qc.ca/geomatique/lidar_aerien/2015/273-5039_2015_2-5-6.laz
273-5037,2015,http://depot.ville.montreal.qc.ca/geomatique/lidar_aerien/2015/273-5037_2015_2-5-6.laz
273-5036,2015,http://depot.ville.montreal.qc.ca/geomatique/lidar_aerien/2015/273-5036_2015_2-5-6.laz
269-5030,2015,http://depot.ville.montreal.qc.ca/geomatique/lidar_aerien/2015/269-5030_2015_2-5-6.laz
278-5038,2015,http://depot.ville.montreal.qc.ca/geomatique/lidar_aerien/2015/278-5038_2015_2-5-6.laz
278-5037,2015,http://depot.ville.montreal.qc.ca/geomatique/lidar_aerien/2015/278-5037_2015_2-5-6.laz
276-5034,2015,http://depot.ville.montreal.qc.ca/geomatique/lidar_aerien/2015/276-5034_2015_2-5-6.laz
275-5032,2015,http://depot.ville.montreal.qc.ca/geomatique/lidar_aerien/2015/275-5032_2015_2-5-6.laz
267-5029,2015,http://depot.ville.montreal.qc.ca/geomatique/lidar_aerien/2015/267-5029_2015_2-5-6.laz
268-5029,2015,http://depot.ville.montreal.qc.ca/geomatique/lidar_aerien/2015/268-5029_2015_2-5-6.laz
270-5028,2015,http://depot.ville.montreal.qc.ca/geomatique/lidar_aerien/2015/270-5028_2015_2-5-6.laz
267-5031,2015,http://depot.ville.montreal.qc.ca/geomatique/lidar_aerien/2015/267-5031_2015_2-5-6.laz
268-5030,2015,http://depot.ville.montreal.qc.ca/geomatique/lidar_aerien/2015/268-5030_2015_2-5-6.laz
271-5030,2015,http://depot.ville.montreal.qc.ca/geomatique/lidar_aerien/2015/271-5030_2015_2-5-6.laz
270-5030,2015,http://depot.ville.montreal.qc.ca/geomatique/lidar_aerien/2015/270-5030_2015_2-5-6.laz
275-5033,2015,http://depot.ville.montreal.qc.ca/geomatique/lidar_aerien/2015/275-5033_2015_2-5-6.laz
275-5031,2015,http://depot.ville.montreal.qc.ca/geomatique/lidar_aerien/2015/275-5031_2015_2-5-6.laz
270-5034,2015,http://depot.ville.montreal.qc.ca/geomatique/lidar_aerien/2015/270-5034_2015_2-5-6.laz
275-5035,2015,http://depot.ville.montreal.qc.ca/geomatique/lidar_aerien/2015/275-5035_2015_2-5-6.laz
274-5034,2015,http://depot.ville.montreal.qc.ca/geomatique/lidar_aerien/2015/274-5034_2015_2-5-6.laz
274-5032,2015,http://depot.ville.montreal.qc.ca/geomatique/lidar_aerien/2015/274-5032_2015_2-5-6.laz
274-5033,2015,http://depot.ville.montreal.qc.ca/geomatique/lidar_aerien/2015/274-5033_2015_2-5-6.laz
273-5033,2015,http://depot.ville.montreal.qc.ca/geomatique/lidar_aerien/2015/273-5033_2015_2-5-6.laz
273-5031,2015,http://depot.ville.montreal.qc.ca/geomatique/lidar_aerien/2015/273-5031_2015_2-5-6.laz
273-5032,2015,http://depot.ville.montreal.qc.ca/geomatique/lidar_aerien/2015/273-5032_2015_2-5-6.laz
273-5034,2015,http://depot.ville.montreal.qc.ca/geomatique/lidar_aerien/2015/273-5034_2015_2-5-6.laz
272-5039,2015,http://depot.ville.montreal.qc.ca/geomatique/lidar_aerien/2015/272-5039_2015_2-5-6.laz
272-5032,2015,http://depot.ville.montreal.qc.ca/geomatique/lidar_aerien/2015/272-5032_2015_2-5-6.laz
272-5031,2015,http://depot.ville.montreal.qc.ca/geomatique/lidar_aerien/2015/272-5031_2015_2-5-6.laz
272-5033,2015,http://depot.ville.montreal.qc.ca/geomatique/lidar_aerien/2015/272-5033_2015_2-5-6.laz
271-5036,2015,http://depot.ville.montreal.qc.ca/geomatique/lidar_aerien/2015/271-5036_2015_2-5-6.laz
270-5036,2015,http://depot.ville.montreal.qc.ca/geomatique/lidar_aerien/2015/270-5036_2015_2-5-6.laz
271-5038,2015,http://depot.ville.montreal.qc.ca/geomatique/lidar_aerien/2015/271-5038_2015_2-5-6.laz
276-5039,2015,http://depot.ville.montreal.qc.ca/geomatique/lidar_aerien/2015/276-5039_2015_2-5-6.laz
277-5042,2015,http://depot.ville.montreal.qc.ca/geomatique/lidar_aerien/2015/277-5042_2015_2-5-6.laz
277-5040,2015,http://depot.ville.montreal.qc.ca/geomatique/lidar_aerien/2015/277-5040_2015_2-5-6.laz
277-5041,2015,http://depot.ville.montreal.qc.ca/geomatique/lidar_aerien/2015/277-5041_2015_2-5-6.laz
275-5042,2015,http://depot.ville.montreal.qc.ca/geomatique/lidar_aerien/2015/275-5042_2015_2-5-6.laz
277-5032,2015,http://depot.ville.montreal.qc.ca/geomatique/lidar_aerien/2015/277-5032_2015_2-5-6.laz
275-5036,2015,http://depot.ville.montreal.qc.ca/geomatique/lidar_aerien/2015/275-5036_2015_2-5-6.laz
275-5039,2015,http://depot.ville.montreal.qc.ca/geomatique/lidar_aerien/2015/275-5039_2015_2-5-6.laz
275-5038,2015,http://depot.ville.montreal.qc.ca/geomatique/lidar_aerien/2015/275-5038_2015_2-5-6.laz
276-5036,2015,http://depot.ville.montreal.qc.ca/geomatique/lidar_aerien/2015/276-5036_2015_2-5-6.laz
276-5035,2015,http://depot.ville.montreal.qc.ca/geomatique/lidar_aerien/2015/276-5035_2015_2-5-6.laz
276-5040,2015,http://depot.ville.montreal.qc.ca/geomatique/lidar_aerien/2015/276-5040_2015_2-5-6.laz
275-5041,2015,http://depot.ville.montreal.qc.ca/geomatique/lidar_aerien/2015/275-5041_2015_2-5-6.laz
276-5041,2015,http://depot.ville.montreal.qc.ca/geomatique/lidar_aerien/2015/276-5041_2015_2-5-6.laz
276-5042,2015,http://depot.ville.montreal.qc.ca/geomatique/lidar_aerien/2015/276-5042_2015_2-5-6.laz
273-5038,2015,http://depot.ville.montreal.qc.ca/geomatique/lidar_aerien/2015/273-5038_2015_2-5-6.laz
272-5034,2015,http://depot.ville.montreal.qc.ca/geomatique/lidar_aerien/2015/272-5034_2015_2-5-6.laz
272-5037,2015,http://depot.ville.montreal.qc.ca/geomatique/lidar_aerien/2015/272-5037_2015_2-5-6.laz
271-5033,2015,http://depot.ville.montreal.qc.ca/geomatique/lidar_aerien/2015/271-5033_2015_2-5-6.laz
271-5032,2015,http://depot.ville.montreal.qc.ca/geomatique/lidar_aerien/2015/271-5032_2015_2-5-6.laz
271-5034,2015,http://depot.ville.montreal.qc.ca/geomatique/lidar_aerien/2015/271-5034_2015_2-5-6.laz
271-5031,2015,http://depot.ville.montreal.qc.ca/geomatique/lidar_aerien/2015/271-5031_2015_2-5-6.laz
280-5039,2015,http://depot.ville.montreal.qc.ca/geomatique/lidar_aerien/2015/280-5039_2015_2-5-6.laz
280-5036,2015,http://depot.ville.montreal.qc.ca/geomatique/lidar_aerien/2015/280-5036_2015_2-5-6.laz
280-5035,2015,http://depot.ville.montreal.qc.ca/geomatique/lidar_aerien/2015/280-5035_2015_2-5-6.laz
280-5038,2015,http://depot.ville.montreal.qc.ca/geomatique/lidar_aerien/2015/280-5038_2015_2-5-6.laz
280-5037,2015,http://depot.ville.montreal.qc.ca/geomatique/lidar_aerien/2015/280-5037_2015_2-5-6.laz
280-5041,2015,http://depot.ville.montreal.qc.ca/geomatique/lidar_aerien/2015/280-5041_2015_2-5-6.laz
280-5040,2015,http://depot.ville.montreal.qc.ca/geomatique/lidar_aerien/2015/280-5040_2015_2-5-6.laz
280-5042,2015,http://depot.ville.montreal.qc.ca/geomatique/lidar_aerien/2015/280-5042_2015_2-5-6.laz
279-5032,2015,http://depot.ville.montreal.qc.ca/geomatique/lidar_aerien/2015/279-5032_2015_2-5-6.laz
279-5034,2015,http://depot.ville.montreal.qc.ca/geomatique/lidar_aerien/2015/279-5034_2015_2-5-6.laz
279-5040,2015,http://depot.ville.montreal.qc.ca/geomatique/lidar_aerien/2015/279-5040_2015_2-5-6.laz
279-5037,2015,http://depot.ville.montreal.qc.ca/geomatique/lidar_aerien/2015/279-5037_2015_2-5-6.laz
292-5030,2015,http://depot.ville.montreal.qc.ca/geomatique/lidar_aerien/2015/292-5030_2015_2-5-6.laz
292-5032,2015,http://depot.ville.montreal.qc.ca/geomatique/lidar_aerien/2015/292-5032_2015_2-5-6.laz
292-5033,2015,http://depot.ville.montreal.qc.ca/geomatique/lidar_aerien/2015/292-5033_2015_2-5-6.laz
292-5035,2015,http://depot.ville.montreal.qc.ca/geomatique/lidar_aerien/2015/292-5035_2015_2-5-6.laz
292-5038,2015,http://depot.ville.montreal.qc.ca/geomatique/lidar_aerien/2015/292-5038_2015_2-5-6.laz
292-5037,2015,http://depot.ville.montreal.qc.ca/geomatique/lidar_aerien/2015/292-5037_2015_2-5-6.laz
266-5030,2015,http://depot.ville.montreal.qc.ca/geomatique/lidar_aerien/2015/266-5030_2015_2-5-6.laz
273-5030,2015,http://depot.ville.montreal.qc.ca/geomatique/lidar_aerien/2015/273-5030_2015_2-5-6.laz
271-5041,2015,http://depot.ville.montreal.qc.ca/geomatique/lidar_aerien/2015/271-5041_2015_2-5-6.laz
271-5035,2015,http://depot.ville.montreal.qc.ca/geomatique/lidar_aerien/2015/271-5035_2015_2-5-6.laz
276-5032,2015,http://depot.ville.montreal.qc.ca/geomatique/lidar_aerien/2015/276-5032_2015_2-5-6.laz
277-5033,2015,http://depot.ville.montreal.qc.ca/geomatique/lidar_aerien/2015/277-5033_2015_2-5-6.laz
270-5040,2015,http://depot.ville.montreal.qc.ca/geomatique/lidar_aerien/2015/270-5040_2015_2-5-6.laz
273-5043,2015,http://depot.ville.montreal.qc.ca/geomatique/lidar_aerien/2015/273-5043_2015_2-5-6.laz
274-5043,2015,http://depot.ville.montreal.qc.ca/geomatique/lidar_aerien/2015/274-5043_2015_2-5-6.laz
274-5029,2015,http://depot.ville.montreal.qc.ca/geomatique/lidar_aerien/2015/274-5029_2015_2-5-6.laz
278-5034,2015,http://depot.ville.montreal.qc.ca/geomatique/lidar_aerien/2015/278-5034_2015_2-5-6.laz
278-5033,2015,http://depot.ville.montreal.qc.ca/geomatique/lidar_aerien/2015/278-5033_2015_2-5-6.laz
278-5039,2015,http://depot.ville.montreal.qc.ca/geomatique/lidar_aerien/2015/278-5039_2015_2-5-6.laz
277-5031,2015,http://depot.ville.montreal.qc.ca/geomatique/lidar_aerien/2015/277-5031_2015_2-5-6.laz
274-5040,2015,http://depot.ville.montreal.qc.ca/geomatique/lidar_aerien/2015/274-5040_2015_2-5-6.laz
272-5035,2015,http://depot.ville.montreal.qc.ca/geomatique/lidar_aerien/2015/272-5035_2015_2-5-6.laz
272-5038,2015,http://depot.ville.montreal.qc.ca/geomatique/lidar_aerien/2015/272-5038_2015_2-5-6.laz
272-5030,2015,http://depot.ville.montreal.qc.ca/geomatique/lidar_aerien/2015/272-5030_2015_2-5-6.laz
271-5029,2015,http://depot.ville.montreal.qc.ca/geomatique/lidar_aerien/2015/271-5029_2015_2-5-6.laz
275-5029,2015,http://depot.ville.montreal.qc.ca/geomatique/lidar_aerien/2015/275-5029_2015_2-5-6.laz
275-5030,2015,http://depot.ville.montreal.qc.ca/geomatique/lidar_aerien/2015/275-5030_2015_2-5-6.laz
270-5032,2015,http://depot.ville.montreal.qc.ca/geomatique/lidar_aerien/2015/270-5032_2015_2-5-6.laz
270-5033,2015,http://depot.ville.montreal.qc.ca/geomatique/lidar_aerien/2015/270-5033_2015_2-5-6.laz
269-5033,2015,http://depot.ville.montreal.qc.ca/geomatique/lidar_aerien/2015/269-5033_2015_2-5-6.laz
267-5033,2015,http://depot.ville.montreal.qc.ca/geomatique/lidar_aerien/2015/267-5033_2015_2-5-6.laz
268-5034,2015,http://depot.ville.montreal.qc.ca/geomatique/lidar_aerien/2015/268-5034_2015_2-5-6.laz
268-5033,2015,http://depot.ville.montreal.qc.ca/geomatique/lidar_aerien/2015/268-5033_2015_2-5-6.laz
274-5031,2015,http://depot.ville.montreal.qc.ca/geomatique/lidar_aerien/2015/274-5031_2015_2-5-6.laz
270-5037,2015,http://depot.ville.montreal.qc.ca/geomatique/lidar_aerien/2015/270-5037_2015_2-5-6.laz
270-5039,2015,http://depot.ville.montreal.qc.ca/geomatique/lidar_aerien/2015/270-5039_2015_2-5-6.laz
270-5038,2015,http://depot.ville.montreal.qc.ca/geomatique/lidar_aerien/2015/270-5038_2015_2-5-6.laz
269-5037,2015,http://depot.ville.montreal.qc.ca/geomatique/lidar_aerien/2015/269-5037_2015_2-5-6.laz
270-5035,2015,http://depot.ville.montreal.qc.ca/geomatique/lidar_aerien/2015/270-5035_2015_2-5-6.laz
275-5034,2015,http://depot.ville.montreal.qc.ca/geomatique/lidar_aerien/2015/275-5034_2015_2-5-6.laz
275-5040,2015,http://depot.ville.montreal.qc.ca/geomatique/lidar_aerien/2015/275-5040_2015_2-5-6.laz
275-5037,2015,http://depot.ville.montreal.qc.ca/geomatique/lidar_aerien/2015/275-5037_2015_2-5-6.laz
274-5041,2015,http://depot.ville.montreal.qc.ca/geomatique/lidar_aerien/2015/274-5041_2015_2-5-6.laz
273-5040,2015,http://depot.ville.montreal.qc.ca/geomatique/lidar_aerien/2015/273-5040_2015_2-5-6.laz
272-5041,2015,http://depot.ville.montreal.qc.ca/geomatique/lidar_aerien/2015/272-5041_2015_2-5-6.laz
272-5042,2015,http://depot.ville.montreal.qc.ca/geomatique/lidar_aerien/2015/272-5042_2015_2-5-6.laz
273-5041,2015,http://depot.ville.montreal.qc.ca/geomatique/lidar_aerien/2015/273-5041_2015_2-5-6.laz
277-5030,2015,http://depot.ville.montreal.qc.ca/geomatique/lidar_aerien/2015/277-5030_2015_2-5-6.laz
272-5040,2015,http://depot.ville.montreal.qc.ca/geomatique/lidar_aerien/2015/272-5040_2015_2-5-6.laz
269-5028,2015,http://depot.ville.montreal.qc.ca/geomatique/lidar_aerien/2015/269-5028_2015_2-5-6.laz
267-5034,2015,http://depot.ville.montreal.qc.ca/geomatique/lidar_aerien/2015/267-5034_2015_2-5-6.laz
270-5029,2015,http://depot.ville.montreal.qc.ca/geomatique/lidar_aerien/2015/270-5029_2015_2-5-6.laz
276-5030,2015,http://depot.ville.montreal.qc.ca/geomatique/lidar_aerien/2015/276-5030_2015_2-5-6.laz
291-5045,2015,http://depot.ville.montreal.qc.ca/geomatique/lidar_aerien/2015/291-5045_2015_2-5-6.laz
291-5046,2015,http://depot.ville.montreal.qc.ca/geomatique/lidar_aerien/2015/291-5046_2015_2-5-6.laz
288-5039,2015,http://depot.ville.montreal.qc.ca/geomatique/lidar_aerien/2015/288-5039_2015_2-5-6.laz
284-5035,2015,http://depot.ville.montreal.qc.ca/geomatique/lidar_aerien/2015/284-5035_2015_2-5-6.laz
286-5031,2015,http://depot.ville.montreal.qc.ca/geomatique/lidar_aerien/2015/286-5031_2015_2-5-6.laz
291-5032,2015,http://depot.ville.montreal.qc.ca/geomatique/lidar_aerien/2015/291-5032_2015_2-5-6.laz
280-5034,2015,http://depot.ville.montreal.qc.ca/geomatique/lidar_aerien/2015/280-5034_2015_2-5-6.laz
280-5032,2015,http://depot.ville.montreal.qc.ca/geomatique/lidar_aerien/2015/280-5032_2015_2-5-6.laz
280-5033,2015,http://depot.ville.montreal.qc.ca/geomatique/lidar_aerien/2015/280-5033_2015_2-5-6.laz
291-5043,2015,http://depot.ville.montreal.qc.ca/geomatique/lidar_aerien/2015/291-5043_2015_2-5-6.laz
280-5031,2015,http://depot.ville.montreal.qc.ca/geomatique/lidar_aerien/2015/280-5031_2015_2-5-6.laz
286-5042,2015,http://depot.ville.montreal.qc.ca/geomatique/lidar_aerien/2015/286-5042_2015_2-5-6.laz
295-5049,2015,http://depot.ville.montreal.qc.ca/geomatique/lidar_aerien/2015/295-5049_2015_2-5-6.laz
295-5046,2015,http://depot.ville.montreal.qc.ca/geomatique/lidar_aerien/2015/295-5046_2015_2-5-6.laz
298-5050,2015,http://depot.ville.montreal.qc.ca/geomatique/lidar_aerien/2015/298-5050_2015_2-5-6.laz
295-5052,2015,http://depot.ville.montreal.qc.ca/geomatique/lidar_aerien/2015/295-5052_2015_2-5-6.laz
297-5047,2015,http://depot.ville.montreal.qc.ca/geomatique/lidar_aerien/2015/297-5047_2015_2-5-6.laz
296-5047,2015,http://depot.ville.montreal.qc.ca/geomatique/lidar_aerien/2015/296-5047_2015_2-5-6.laz
303-5048,2015,http://depot.ville.montreal.qc.ca/geomatique/lidar_aerien/2015/303-5048_2015_2-5-6.laz
301-5050,2015,http://depot.ville.montreal.qc.ca/geomatique/lidar_aerien/2015/301-5050_2015_2-5-6.laz
297-5050,2015,http://depot.ville.montreal.qc.ca/geomatique/lidar_aerien/2015/297-5050_2015_2-5-6.laz
298-5051,2015,http://depot.ville.montreal.qc.ca/geomatique/lidar_aerien/2015/298-5051_2015_2-5-6.laz
299-5050,2015,http://depot.ville.montreal.qc.ca/geomatique/lidar_aerien/2015/299-5050_2015_2-5-6.laz
300-5051,2015,http://depot.ville.montreal.qc.ca/geomatique/lidar_aerien/2015/300-5051_2015_2-5-6.laz
297-5057,2015,http://depot.ville.montreal.qc.ca/geomatique/lidar_aerien/2015/297-5057_2015_2-5-6.laz
302-5061,2015,http://depot.ville.montreal.qc.ca/geomatique/lidar_aerien/2015/302-5061_2015_2-5-6.laz
301-5060,2015,http://depot.ville.montreal.qc.ca/geomatique/lidar_aerien/2015/301-5060_2015_2-5-6.laz
303-5060,2015,http://depot.ville.montreal.qc.ca/geomatique/lidar_aerien/2015/303-5060_2015_2-5-6.laz
293-5051,2015,http://depot.ville.montreal.qc.ca/geomatique/lidar_aerien/2015/293-5051_2015_2-5-6.laz
293-5042,2015,http://depot.ville.montreal.qc.ca/geomatique/lidar_aerien/2015/293-5042_2015_2-5-6.laz
293-5040,2015,http://depot.ville.montreal.qc.ca/geomatique/lidar_aerien/2015/293-5040_2015_2-5-6.laz
294-5043,2015,http://depot.ville.montreal.qc.ca/geomatique/lidar_aerien/2015/294-5043_2015_2-5-6.laz
294-5041,2015,http://depot.ville.montreal.qc.ca/geomatique/lidar_aerien/2015/294-5041_2015_2-5-6.laz
295-5042,2015,http://depot.ville.montreal.qc.ca/geomatique/lidar_aerien/2015/295-5042_2015_2-5-6.laz
293-5031,2015,http://depot.ville.montreal.qc.ca/geomatique/lidar_aerien/2015/293-5031_2015_2-5-6.laz
293-5029,2015,http://depot.ville.montreal.qc.ca/geomatique/lidar_aerien/2015/293-5029_2015_2-5-6.laz
294-5034,2015,http://depot.ville.montreal.qc.ca/geomatique/lidar_aerien/2015/294-5034_2015_2-5-6.laz
301-5036,2015,http://depot.ville.montreal.qc.ca/geomatique/lidar_aerien/2015/301-5036_2015_2-5-6.laz
279-5041,2015,http://depot.ville.montreal.qc.ca/geomatique/lidar_aerien/2015/279-5041_2015_2-5-6.laz
292-5049,2015,http://depot.ville.montreal.qc.ca/geomatique/lidar_aerien/2015/292-5049_2015_2-5-6.laz
292-5050,2015,http://depot.ville.montreal.qc.ca/geomatique/lidar_aerien/2015/292-5050_2015_2-5-6.laz
279-5031,2015,http://depot.ville.montreal.qc.ca/geomatique/lidar_aerien/2015/279-5031_2015_2-5-6.laz
279-5036,2015,http://depot.ville.montreal.qc.ca/geomatique/lidar_aerien/2015/279-5036_2015_2-5-6.laz
292-5048,2015,http://depot.ville.montreal.qc.ca/geomatique/lidar_aerien/2015/292-5048_2015_2-5-6.laz
306-5062,2015,http://depot.ville.montreal.qc.ca/geomatique/lidar_aerien/2015/306-5062_2015_2-5-6.laz
298-5058,2015,http://depot.ville.montreal.qc.ca/geomatique/lidar_aerien/2015/298-5058_2015_2-5-6.laz